id,taluk_id,name,display_code,,,,,
1,1,ALAPPUZHA WEST,26,,,,,
2,1,AMBALAPPUZHA,31,,,,,
3,1,AMBALAPPUZHA NORTH,,,,,,
4,1,ARYAD SOUTH,23,,,,,
5,1,KALAVOOR,24,,,,,
6,1,KARUMADY,32,,,,,
7,1,KOMALAPURAM,22,,,,,
8,1,MANNANCHERRY,21,,,,,
9,1,MULLACKAL,27,,,,,
10,1,PARAVUR ALAPUZHA,29,,,,,
11,1,PATHIRAPPALLY,25,,,,,
12,1,PAZHAVEEDU,28,,,,,
13,1,PUNNAPRA,30,,,,,
14,1,PURAKKAD,33,,,,,
15,2,AALA CHENGANNUR,86,,,,,
16,2,CHENGANNUR,90,,,,,
17,2,CHERIYANAD,87,,,,,
18,2,ENNAKKAD,91,,,,,
19,2,KURATTISSERY,82,,,,,
20,2,MANNAR,83,,,,,
21,2,MULAKKUZHA,85,,,,,
22,2,PANDANAD,81,,,,,
23,2,PULIYUR,88,,,,,
24,2,THIRUVANVANDOOR,80,,,,,
25,2,VENMONY,89,,,,,
26,3,AROOKKUTTY,12,,,,,
27,3,AROOR,1,,,,,
28,3,ARTHUNKAL,,,,,,
29,3,CHERTHALA NORTH,10,,,,,
30,3,CHERTHALA SOUTH,9,,,,,
31,3,EZHUPUNNA,2,,,,,
32,3,KADAKKARAPPALLY,7,,,,,
33,3,KANJIKKUZHI,19,,,,,
34,3,KODAMTHURUTHU,3,,,,,
35,3,KUTHIATHODU,4,,,,,
36,3,MARARIKULAM NORTH,20,,,,,
37,3,PALLYPURAM CHERTHALA,16,,,,,
38,3,PANAVALLY,14,,,,,
39,3,PATTANAKKAD,8,,,,,
40,3,PERUMBALAM,13,,,,,
41,3,THANNEERMKKOM SOUTH,18,,,,,
42,3,THANNEERMUKKOM NORTH,17,,,,,
43,3,THURAVOOR SOUTH,5,,,,,
44,3,THYKKATTUSSERY,15,,,,,
45,3,VAYALAR EAST,6,,,,,
46,4,ARATTUPUZHA,57,,,,,
47,4,CHEPPAD,56,,,,,
48,4,CHERUTHANA,48,,,,,
49,4,CHINGOLI,55,,,,,
50,4,HARIPPAD,52,,,,,
51,4,KANDALLOOR,59,,,,,
52,4,KARTHIKAPPALLY,54,,,,,
53,4,KARUVATTA,47,,,,,
54,4,KAYAMKULAM,62,,,,,
55,4,KEERIKKAD,60,,,,,
56,4,KRISHNAPURAM,63,,,,,
57,4,KUMARAPURAM,50,,,,,
58,4,MUTHUKULAM,58,,,,,
59,4,PALLIPPAD,53,,,,,
60,4,PATHIYUR,61,,,,,
61,4,PUTHUPALLI KARTHIKAPALLY,64,,,,,
62,4,THRIKKUNNAPPUZHA,51,,,,,
63,4,VEEYAPURAM,49,,,,,
64,5,CHAMPAKKULAM,41,,,,,
65,5,EDATHUVA,45,,,,,
66,5,KAINAKARY NORTH,,,,,,
67,5,KAINAKARY SOUTH,39,,,,,
68,5,KAVALAM,37,,,,,
69,5,KUNNUMMA,36,,,,,
70,5,MUTTAR,43,,,,,
71,5,NEDUMUDY,42,,,,,
72,5,NEELAMPERUR,34,,,,,
73,5,PULIMKUNNU,38,,,,,
74,5,RAMANKARY,40,,,,,
75,5,THAKAZHY,46,,,,,
76,5,THALAVADY,44,,,,,
77,5,VELIYANADU,35,,,,,
78,6,BHARANIKKAVU,74,,,,,
79,6,CHENNITHALA,66,,,,,
80,6,CHUNAKKARA,71,,,,,
81,6,KANNAMANGALAM,67,,,,,
82,6,KATTANAM,75,,,,,
83,6,MAVELIKKARA,68,,,,,
84,6,NOORANAD,72,,,,,
85,6,PALAMEL,73,,,,,
86,6,PERINGALA,77,,,,,
87,6,THAMARAKKULAM,79,,,,,
88,6,THAZHAKKARA,69,,,,,
89,6,THEKKEKKARA,76,,,,,
90,6,THRIPPERUMTHURA,65,,,,,
91,6,VALLIKUNNAM,78,,,,,
92,6,VETTIYAR,70,,,,,
93,7,ALUVA EAST,,,,,,
94,7,ALUVA WEST,,,,,,
95,7,ANGAMALY,3,,1220,62,ANCHUTHENGU,
96,7,AYYAMPUZHA,4,,1222,62,AVANAVANCHERRY,
97,7,CHENGAMANAD,6,,1225,62,ELAMBA,
98,7,CHOORNIKKARA,2,,1232,62,KOONTHALLOOR,
99,7,CHOWARA,,,1649,62,CHIRAYINKEEZHU,
100,7,KALADY,7,,1332,67,CHERUNNIYUR,
101,7,KARUKUTTY,8,,1244,63,MALAYINKEEZH,
102,7,KEEZHMAD,1,,1280,65,BALARAMAPURAM,
103,7,KIZHAKKUMBHAGOM,,,1295,65,POOVAR,
104,7,MALAYATTOOR,9,,1310,66,MANACAUD,
105,7,MANJAPRA,11,,1312,66,MENAMKULAM,
106,7,MATTOOR,12,,1318,66,PEROORKADA,
107,7,MOOKKANNOOR,13,,1319,66,PETTAH,
108,7,NEDUMBASSERY,10,,1321,66,THIRUMALA,
109,7,PARAKKADAVU,14,,,,,
110,7,THEKKUMBHAGAM ALUVA,,,,,,
111,7,THURAVOOR,15,,,,,
112,7,VADAKKUMBHAGOM,,,,,,
113,8,AMBALLUR KANAYANNUR,32,,,,,
114,8,CHERANALLUR,33,,,,,
115,8,EDAKKATTUVAYAL,34,,,,,
116,8,EDAPPALLY NORTH,36,,,,,
117,8,EDAPPALLY SOUTH,,,,,,
118,8,ELAMKULAM,,,,,,
119,8,ERNAKULAM,,,,,,
120,8,KADAMAKKUDY,39,,,,,
121,8,KAIPPATTUR,,,,,,
122,8,KAKKANAD,40,,,,,
123,8,KANAYANNUR,,,,,,
124,8,KEECHERRY,,,,,,
125,8,KULAYETTIKARA,,,,,,
126,8,KUMBALAM,42,,,,,
127,8,KUREEKKAD,,,,,,
128,8,MANAKUNNAM,,,,,,
129,8,MARADU,43,,,,,
130,8,MULAMTHURUTHY,45,,,,,
131,8,MULAVUKAD,46,,,,,
132,8,NADAMA,,,,,,
133,8,POONITHURA,48,,,,,
134,8,THEKKUMBHAGOM KANAYANNUR,,,,,,
135,8,THIRUVANKULAM,49,,,,,
136,8,THRIKKAKARA NORTH,,,,,,
137,8,VAZHAKKALA,51,,,,,
138,9,CHELLANAM,17,,,,,
139,9,EDAKOCHI,18,,,,,
140,9,EDAVANAKKAD,19,,,,,
141,9,ELAMKUNNAPUZHA,20,,,,,
142,9,FORT KOCHI,,,,,,
143,9,KUMBALANGY,22,,,,,
144,9,KUZHUPPILLY,23,,,,,
145,9,MATTANCHERRY,,,,,,
146,9,NAYARAMBALAM,26,,,,,
147,9,NJARACKAL,25,,,,,
148,9,PALLIPPURAM KOCHI,27,,,,,
149,9,PALLURUTHY,28,,,,,
150,9,PUTHUVYPE,29,,,,,
151,9,RAMESHWARAM,30,,,,,
152,9,THOPPUMPADY,,,,,,
153,10,ERAMALLOOR,,,,,,
154,10,KEDAVOOR KOTHAMANGALAM,,,,,,
155,10,KEERAMPARA,54,,,,,
156,10,KOTHAMANGALAM,55,,,,,
157,10,KOTTAPPADY,56,,,,,
158,10,KUTTAMANGALAM,57,,,,,
159,10,KUTTAMPUZHA,116,,,,,
160,10,NERIAMANGALAM,58,,,,,
161,10,PALLARIMANGALAM,,,,,,
162,10,PINDIMANA,59,,,,,
163,10,POTHANIKKAD,60,,,,,
164,10,THRIKKARIYOOR,117,,,,,
165,10,VARAPPETTY,61,,,,,
166,11,AIKARANAD NORTH,62,,,,,
167,11,AIKARANAD SOUTH,,,570,29,PERAYAM,
168,11,ARAKAPADY,64,,615,32,PATTAZHY VADAKKEKKARA,
169,11,ASAMANNOOR,65,,618,32,PUNNALA,
170,11,CHELAMATTOM,66,,,,,
171,11,IRAPURAM,74,,,,,
172,11,KIZHAKKAMBALAM,68,,,,,
173,11,KODANAD,69,,,,,
174,11,KOMBANAD,70,,,,,
175,11,KOOVAPPADY,71,,,,,
176,11,KUNNATHUNAD,72,,,,,
177,11,MARAMPILLY,73,,,,,
178,11,MAZHUVANNOOR,67,,,,,
179,11,PATTIMATTOM,75,,,,,
180,11,PERUMBAVOOR,76,,,,,
181,11,PUTHENCRUZ,77,,,,,
182,11,RAYAMANGALAM,78,,,,,
183,11,THIRUVANIYOOR,79,,,,,
184,11,VADAVUKODE,80,,,,,
185,11,VAZHAKULAM,81,,,,,
186,11,VENGOLA,82,,,,,
187,11,VENGOOR,83,,,,,
188,11,VENGOOR WEST,,,,,,
189,12,ARAKUZHA,85,,,,,
190,12,ELANJI,86,,,,,
191,12,ENANALLOOR,,,,,,
192,12,KALLOORKKAD,88,,,,,
193,12,KOOTHATTUKULAM,89,,,,,
194,12,MANEED,90,,,,,
195,12,MANJALLOOR,91,,,,,
196,12,MARADY,92,,,,,
197,12,MEMMURY,93,,,,,
198,12,MULAVOOR,,,,,,
199,12,MUVATTUPUZHA,,,,,,
200,12,ONAKKOOR,,,,,,
201,12,PALAKUZHA,97,,,,,
202,12,PIRAVOM,98,,,,,
203,12,RAMAMANGALAM,99,,,,,
204,12,THIRUMARADY,100,,,,,
205,12,VALAKAM,101,,,,,
206,12,VELLOORKUNNAM,102,,,,,
207,13,ALANGAD,103,,,,,
208,13,CHENDAMANGALAM,105,,,,,
209,13,ELOOR,106,,,,,
210,13,EZHIKKARA,107,,,,,
211,13,KADUNGALLOOR,108,,,,,
212,13,KARUMALLOOR,109,,,,,
213,13,KOTTUVALLY,110,,,,,
214,13,KUNNUKARA,104,,,,,
215,13,MOOTHAKUNNAM,111,,,,,
216,13,PARAVUR,112,,,,,
217,13,PUTHENVELIKKARA,113,,,,,
218,13,VADAKKEKARA,114,,,,,
219,13,VARAPPUZHA,115,,,,,
220,14,ANAVIRATTY,12,,,,,
221,14,KANTHALLOOR,1,,,,,
222,14,KEEZHANTHOOR,3,,,,,
223,14,KUNJITHANNY,11,,,,,
224,14,MANKULAM,66,,,,,
225,14,MANNAMKANDAM,6,,,,,
226,14,MARAYOOR,7,,,,,
227,14,PALLIVASAL,8,,,,,
228,14,VELLATHOOVAL,10,,,,,
229,15,AYYAPPANCOIL,42,,,,,
230,15,IDUKKI,25,,,,,
231,15,KANJIKUZHY,41,,,,,
232,15,KATTAPPANA,48,,,,,
233,15,KONNATHADY,49,,,,,
234,15,THANKAMONY,54,,,,,
235,15,UPPUTHODE,62,,,,,
236,15,VATHIKUDY,57,,,,,
237,16,ELAPPARA,13,,,,,
238,16,KOKKAYAR,14,,,,,
239,16,KUMILY,15,,,,,
240,16,MANCHUMALA,16,,,,,
241,16,MLAPPARA,67,,,,,
242,16,PEERMADE,18,,,,,
243,16,PERIYAR,19,,,,,
244,16,PERUVANTHANAM,20,,,,,
245,16,UPPUTHARA,58,,,,,
246,17,ALAKKODE,23,,,,,
247,17,ARAKKULAM,24,,,,,
248,17,ELAPPALLY,40,,,,,
249,17,KARIKKODE,26,,,,,
250,17,KARIMANNOOR,27,,,,,
251,17,KARIMKUNNAM,28,,,,,
252,17,KODIKKULAM,29,,,,,
253,17,KUDAYATHOOR,30,,,,,
254,17,KUMARAMANGALAM,31,,,,,
255,17,MANAKKAD,32,,,,,
256,17,MUTTOM,33,,,,,
257,17,NEYYASSERRY,39,,,,,
258,17,PURAPPUZHA,34,,,,,
259,17,THODUPUZHA,35,,,,,
260,17,UDUMBANNOOR,36,,,,,
261,17,VANNAPPURAM,38,,,,,
262,17,VELLIYAMATTAM,37,,,,,
263,18,ANAKARA UDUMBANCHOLA,59,,,,,
264,18,ANAVILASOM,65,,,,,
265,18,BYSONVALLEY,60,,,,,
266,18,CHAKKUPALLAM,43,,,,,
267,18,ERATTAYAR,,,,,,
268,18,KALKOONTHAL,46,,,,,
269,18,KANTHIPPARA,61,,,,,
270,18,KARUNAPURAM,47,,,,,
271,18,PAMPADUMPARA,50,,,,,
272,18,PARATHODE,51,,,,,
273,18,POOPPARA,64,,,,,
274,18,RAJAKKAD,52,,,,,
275,18,RAJAKUMARY,63,,,,,
276,18,SANTHANPARA,53,,,,,
277,18,UDUMBANCHOLA,55,,,,,
278,18,VANDENMEDU,56,,,,,
279,19,ARALAM,219,,,,,
280,19,AYYANKUNNU,244,,,,,
281,19,CHAVASSERY,216,,,,,
282,19,KALLIAD,136,,,,,
283,19,KANICHAR,248,,,,,
284,19,KEEZHUR,217,,,,,
285,19,KELAKAM,247,,,,,
286,19,KOLARI,,,,,,
287,19,KOTTIYOOR,246,,,,,
288,19,MANATHANA,242,,,,,
289,19,MUZHAKKUNNU,220,,,,,
290,19,NUCHIAD,144,,,,,
291,19,PADIYUR IRITTY,135,,,,,
292,19,PAYAM,218,,,,,
293,19,PAZHASSI,212,,,,,
294,19,THILLENKERI,222,,,,,
295,19,VAYATHUR,147,,,,,
296,19,VELLARVALLI,236,,,,,
297,19,VILAMANA,243,,,,,
298,20,ANJARAKANDY,13,,,,,
299,20,AZHIKODE NORTH,7,,,,,
300,20,AZHIKODE SOUTH,8,,,,,
301,20,CHELORA,15,,,,,
302,20,CHEMBILODE,16,,,,,
303,20,CHERUKUNNU,29,,,,,
304,20,CHIRAKKAL,5,,,,,
305,20,EDAKKAD,21,,,,,
306,20,ELAYAVOOR,9,,,,,
307,20,IRIVERI,14,,,,,
308,20,KADAMBUR,17,,,,,
309,20,KALLIASSERI,31,,3,1,AMBALAPPUZHA NORTH,
310,20,KANHIRODE,12,,,,,
311,20,KANNADIPARAMBA,33,,,,,
312,20,KANNAPURAM,30,,,,,
313,20,MAKRERI,19,,,,,
314,20,MATTOOL,28,,,,,
315,20,MAVILAYI,18,,,,,
316,20,MUNDERI,11,,,,,
317,20,MUZHAPPILANGAD,20,,,,,
318,20,NARATH,34,,,,,
319,20,PALLIKKUNNU,4,,,,,
320,20,PAPPINISSERI,32,,,,,
321,20,PUZHATHI,3,,,,,
322,20,VALAPATTANAM,6,,,,,
323,20,VALIYANNUR,10,,,,,
324,21,ALAPPADAMBU,122,,,,,
325,21,CHERUTHAZHAM,23,,,,,
326,21,ERAMAM,126,,,,,
327,21,EZHOM,27,,,,,
328,21,KADANNAPPALLY,25,,,,,
329,21,KANKOL,121,,,,,
330,21,KARIVELLUR,116,,,,,
331,21,KOROM,120,,,,,
332,21,KUNJHIMANGALAM,22,,,,,
333,21,KUTTUR PAYYANNUR,127,,28,3,ARTHUNKAL,
334,21,MADAYI,26,,,,,
335,21,PANAPPUZHA,24,,,,,
336,21,PAYYANNUR,119,,,,,
337,21,PERALAM,123,,,,,
338,21,PERINGOM,124,,,,,
339,21,PERINTHATTA,143,,,,,
340,21,PULINGOM,145,,,,,
341,21,RAMANTHALI,118,,,,,
342,21,THIRUMENI,146,,,,,
343,21,VAYAKKARA,125,,,,,
344,21,VELLORA,142,,,,,
345,21,VELLUR,117,,,,,
346,22,ALAKODE,102,,,,,
347,22,ANTHOOR,114,,,,,
348,22,CHELERI,129,,,,,
349,22,CHENGALAYI,113,,,,,
350,22,CHUZHALI,112,,,,,
351,22,ERUVESSY,139,,,,,
352,22,IRIKKUR,134,,,,,
353,22,KAYARALAM,130,,,,,
354,22,KOLACHERY,128,,,,,
355,22,KOOVERY,105,,,,,
356,22,KURUMATHUR,111,,,,,
357,22,KUTTYATTUR,132,,,,,
358,22,KUTTYERI,107,,,,,
359,22,MALAPPATTAM,141,,,,,
360,22,MAYYIL,131,,,,,
361,22,MORAZHA,115,,,,,
362,22,NEW NADUVIL,103,,,,,
363,22,NIDIYENGA,137,,,,,
364,22,PANNIYOOR,108,,,,,
365,22,PARIYAARAM,106,,,,,
366,22,PATTUVAM,109,,,,,
367,22,PAYYAVOOR,138,,,,,
368,22,SREEKANDAPURAM,140,,,,,
369,22,TALIPARAMBA,110,,,,,
370,22,THIMIRI,101,,,,,
371,22,UDAYAGIRI,,,66,5,KAINAKARY NORTH,
372,22,VELLAD,104,,,,,
373,23,CHERUVANCHERY,232,,,,,
374,23,CHOKLI,209,,,,,
375,23,DHARMADAM,203,,,,,
376,23,ERANHOLI,204,,,,,
377,23,ERUVATTY,205,,,,,
378,23,KANDAMKUNNU,227,,,,,
379,23,KANNAVAM,229,,,,,
380,23,KATHIRUR,206,,,,,
381,23,KEEZHALLUR,214,,,,,
382,23,KODIYERI,211,,,,,
383,23,KOLAVALLUR,241,,,,,
384,23,KOLAYAD,230,,,,,
385,23,KOODALI,213,,,,,
386,23,KOTAYAM,226,,,,,
387,23,KUTHUPARAMBA,225,,,,,
388,23,MANANTHERI,228,,,,,
389,23,MANGATTIDAM,223,,,,,
390,23,MOKERI,233,,,,,
391,23,PADUVILAYI,224,,,,,
392,23,PANNIYANNORE,237,,,,,
393,23,PANOOR,239,,,,,
394,23,PATHIRIYAD,208,,,,,
395,23,PATTANUR,245,,,,,
396,23,PATTIAM,234,,,,,
397,23,PERINGATHUR,210,,,,,
398,23,PINARAYI,207,,,,,
399,23,PUTHUR KANNUR,238,,,,,
400,23,SHIVAPURAM,221,,,,,
401,23,THOLAMBRA,231,,,,,
402,23,TRIPRANGOTTUR,240,,,,,
403,23,VEKKALAM,235,,,,,
404,24,AJANUR,17,,,,,
405,24,AMBALATHARA,28,,,,,
406,24,BALLA,,,,,,
407,24,BARE,,,,,,
408,24,CHEEMENI,8,,,,,
409,24,CHERUVATHUR,10,,,,,
410,24,CHITHARI,20,,,,,
411,24,HOSDURG,16,,,,,
412,24,KANHANGAD,15,,,,,
413,24,KAYYUR,7,,,,,
414,24,KEEKAN,,,,,,
415,24,KLAYIKODE,,,,,,
416,24,KODAKKAD,9,,,,,
417,24,KOTTIKULAM (PALLIKKARA 2),,,,,,
418,24,MADIKKAI,1,,,,,
419,24,MANIYAT,,,,,,
420,24,NILESWARAM,2,,,,,
421,24,NORTH TRIKKARIPUR,13,,,,,
422,24,PADNE,11,,,,,
423,24,PALLIKKARA 1,19,,,,,
424,24,PANAYAL,23,,,,,
425,24,PERIYE,21,,,,,
426,24,PEROLE,31,,,,,
427,24,PILICODE,14,,,,,
428,24,PULLUR,22,,,,,
429,24,PUTHUKKAI,,,,,,
430,24,SOUTH TRIKKARIPUR,12,,,,,
431,24,THIMIRI KASARGOD,,,,,,
432,24,UDINUR,,,,,,
433,24,UDMA,18,,,,,
434,24,VALIYAPARAMBA,,,,,,
435,25,ADHUR,112,,,,,
436,25,ADKATHBAYAL,,,,,,
437,25,ADUR,114,,,,,
438,25,BADIADUKKA,138,,,,,
439,25,BANDADUKA,106,,,,,
440,25,BEDADUKKA,105,,,,,
441,25,BELA,127,,,,,
442,25,BELLUR,,,,,,
443,25,CHEMNAD,,,,,,
444,25,CHENGALA,108,,,,,
445,25,DELAMPADY,113,,,,,
446,25,KALANAD,103,,,,,
447,25,KARADKA,,,,,,
448,25,KARIVEDAKAM,140,,,,,
449,25,KASARAGOD,111,,,,,
450,25,KOLATHUR,102,,,,,
451,25,KUDLU,110,,,,,
452,25,KUMBADAJE,136,,,,,
453,25,KUTTIKOL,104,,,,,
454,25,MADHUR,128,,,,,
455,25,MULIYAR,109,,,,,
456,25,MUNNAD,141,,,,,
457,25,MUTTATHODI,,,,,,
458,25,NEERCHAL,126,,,,,
459,25,NEKRAJE,,,,,,
460,25,NETTANIGE,137,,,,,
461,25,PADI,107,,,,,
462,25,PATLA,,,,,,
463,25,PERUMBALA,,,,,,
464,25,PUTHUR KASARGOD,,,,,,
465,25,SHIRIBAGILU,,,,,,
466,25,THALANGARA,139,,,,,
467,25,THEKKIL,101,,,,,
468,25,UBRANGALA,,,,,,
469,26,ANGADIMOGARU,,,,,,
470,26,ARIKKADY,,,661,35,KORUTHODU,
471,26,BADAJE,,,665,36,ANIKKADU,
472,26,BADOOR,132,,671,36,CHENGALAM SOUTH,
473,26,BAMBRANA,131,,672,36,ETTUMANOOR,
474,26,BANGRAMANJESHWAR,,,694,37,KADAPLAMATTOM,
475,26,BAYAR,123,,711,37,THALANADU,
476,26,BEKKUR,,,728,38,T V PURAM,
477,26,CHIPPAR,,,730,38,UDAYANAPURAM,
478,26,EDANAD,129,,,,,
479,26,ENMAKAJE,134,,,,,
480,26,HERUR,,,,,,
481,26,HOSABETTU,116,,,,,
482,26,ICHILAMPADI,,,,,,
483,26,ICHILANGOD,121,,,,,
484,26,KADAMBAR,117,,,,,
485,26,KALIYOOR,,,,,,
486,26,KANNUR,,,,,,
487,26,KATTUKUKKE,,,,,,
488,26,KAYYAR,125,,,,,
489,26,KIDHUR,,,,,,
490,26,KODIBAYAL,,,,,,
491,26,KODLAMOGARU,,,,,,
492,26,KOIPADY,130,,,,,
493,26,KOLIYOOR,,,,,,
494,26,KUBANNUR,,,,,,
495,26,KUDALMERKALA,,,,,,
496,26,KULOOR,,,,,,
497,26,KUNJATHUR,115,,,,,
498,26,MAJIBAYAL,,,,,,
499,26,MANGALPADY,,,,,,
500,26,MEENJA,118,,,,,
501,26,MOGRAL,,,,,,
502,26,MOODAMBAYAL,,,,,,
503,26,MUGU,,,,,,
504,26,MULINJA,,,,,,
505,26,PADRE,135,,,,,
506,26,PAIVALIKE,124,,,,,
507,26,PATHUR,,,,,,
508,26,PAVOOR,,,,,,
509,26,PUTHIGE,,,,,,
510,26,SHENI,143,,,,,
511,26,SHIRIYA,,,,,,
512,26,THALAKALA,,,,,,
513,26,UDYAVAR,,,,,,
514,26,UJARULWAR,,,,,,
515,26,UPPALA,122,,,,,
516,26,VORKADY,120,,,,,
517,27,BALAL,30,,,,,
518,27,BELUR,24,,,,,
519,27,BHEEMANADY,6,,,,,
520,27,CHEEMENI II,,,,,,
521,27,CHITTARIKKAL,33,,,,,
522,27,KALLAR,27,,,,,
523,27,KARINTHALAM,4,,,,,
524,27,KINANOOR,3,,,,,
525,27,KODOTH,35,,,,,
526,27,MALOTH,25,,,,,
527,27,PALAVAYAL,34,,,,,
528,27,PANATHADY,26,,,,,
529,27,PARAPPA,32,,,,,
530,27,WEST ELERI,5,,,,,
531,28,ADINAD,68,,,,,
532,28,ALAPPAD KOLLAM,71,,,,,
533,28,AYANIVELIKULANGARA,73,,,,,
534,28,CHAVARA,58,,,,,
535,28,CLAPPANA,69,,,,,
536,28,KALLALIBHAGOM,67,,,,,
537,28,KARUNAGAPPALLY,64,,,,,
538,28,KULASEKHARAPURAM,61,,,,,
539,28,NEENDAKARA,65,,267,18,ERATTAYAR,
540,28,OCHIRA,70,,1658,15,KANCHIYAR,
541,28,PANMANA,62,,,,,
542,28,PAVUMBA,66,,,,,
543,28,THAZHAVA,60,,,,,
544,28,THEKKUMBHAGOM KARUNAGAPAL,57,,,,,
545,28,THEVALAKKARA,63,,,,,
546,28,THODIYOOR,59,,,,,
547,28,VADAKUMTHALA,72,,,,,
548,29,ADICHANALLUR,4,,,,,
549,29,CHIRAKKARA,27,,,,,
550,29,EAST KALLADA,19,,,,,
551,29,ELAMPALLUR,104,,,,,
552,29,ERAVIPURAM,7,,,,,
553,29,KALLUVATHUKKAL,1,,,,,
554,29,KILIKOLLUR,12,,,,,
555,29,KOLLAM EAST,20,,,,,
556,29,KOLLAM WEST,8,,,,,
557,29,KOTTAMKARA,18,,,,,
558,29,KOTTAPPURAM,29,,,,,
559,29,MANDROTHURUTH,17,,,,,
560,29,MANGADU KOLLAM,24,,,,,
561,29,MAYYANAD,6,,,,,
562,29,MEENAD,2,,,,,
563,29,MULAVANA,15,,,,,
564,29,MUNDAKKAL,28,,,,,
565,29,NEDUMPANA,11,,,,,
566,29,PALLIMON,25,,,,,
567,29,PANAYAM,23,,,,,
568,29,PARAVOOR,5,,,,,
569,29,PARIPPALLY,26,,,,,
570,29,PERAYAM,,,,,,
571,29,PERINAD KOLLAM,16,,,,,
572,29,POOTHAKULAM,3,,,,,
573,29,SHAKTHIKULANGARA,21,,,,,
574,29,THAZHUTHALA,22,,,,,
575,29,THRIKKADAVOOR,13,,,,,
576,29,THRIKKARUVA,14,,,,,
577,29,THRIKKOVILVATTOM,10,,,,,
578,29,VADAKKEVILA,9,,,,,
579,30,CHADAYAMANGALAM,44,,,,,
580,30,CHAKKUVARAKKAL,56,,,,,
581,30,CHITHARA,42,,,,,
582,30,ELAMAD,46,,,,,
583,30,EZHUKONE,30,,,,,
584,30,ITTIVA,43,,,,,
585,30,KADAKKAL,45,,,,,
586,30,KALAYAPURAM,51,,,,,
587,30,KAREEPRA,35,,,,,
588,30,KOTTARAKKARA,31,,142,9,FORT KOCHI,
589,30,KOTTUKKAL,50,,145,9,MATTANCHERRY,
590,30,KULAKKADA,34,,152,9,THOPPUMPADY,
591,30,KUMMIL,54,,93,7,ALUVA EAST,
592,30,MANKODE,53,,94,7,ALUVA WEST,
593,30,MELILA,40,,99,7,CHOWARA,
594,30,MYLOM,36,,103,7,KIZHAKKUMBHAGOM,
595,30,NEDUVATHUR,33,,110,7,THEKKUMBHAGAM ALUVA,
596,30,NILAMEL,48,,112,7,VADAKKUMBHAGOM,
597,30,ODANAVATTOM,52,,167,11,AIKARANAD SOUTH,
598,30,PAVITHRESWARAM,32,,188,11,VENGOOR WEST,
599,30,POOYAPPALLY,38,,191,12,ENANALLOOR,
600,30,PUTHUR KOLLAM,49,,198,12,MULAVOOR,
601,30,UMMANNUR,39,,199,12,MUVATTUPUZHA,
602,30,VALAKOM,55,,200,12,ONAKKOOR,
603,30,VELINALLUR,47,,153,10,ERAMALLOOR,
604,30,VELIYAM,37,,154,10,KEDAVOOR KOTHAMANGALAM,
605,30,VETTIKKAVALA,41,,161,10,PALLARIMANGALAM,
606,31,KUNNATHUR,77,,117,8,EDAPPALLY SOUTH,
607,31,MYNAGAPPALLY,75,,118,8,ELAMKULAM,
608,31,PORUVAZHI,78,,119,8,ERNAKULAM,
609,31,SASTHAMKOTTA,76,,121,8,KAIPPATTUR,
610,31,SOORANAD NORTH,80,,123,8,KANAYANNUR,
611,31,SOORANAD SOUTH,79,,124,8,KEECHERRY,
612,31,WEST KALLADA,74,,125,8,KULAYETTIKARA,
613,32,PATHANAPURAM,85,,127,8,KUREEKKAD,
614,32,PATTAZHY,81,,128,8,MANAKUNNAM,
615,32,PATTAZHY VADAKKEKKARA,,,132,8,NADAMA,
616,32,PIDAVOOR,84,,134,8,THEKKUMBHAGOM KANAYANNUR,
617,32,PIRAVANTHOOR,91,,136,8,THRIKKAKARA NORTH,
618,32,PUNNALA,,,,,,
619,32,THALAVOOR,82,,,,,
620,32,VILAKUDY,83,,,,,
621,33,ALAYAMAN,96,,,,,
622,33,ANCHAL,88,,,,,
623,33,ARAKKAL,90,,,,,
624,33,ARIYANKAVU,93,,,,,
625,33,AYIRANELLOOR,98,,,,,
626,33,CHANNAPETTA,101,,,,,
627,33,EDAMON,92,,,,,
628,33,EDAMULAKKAL,89,,,,,
629,33,EROOR,95,,,,,
630,33,KARAVALOOR,87,,,,,
631,33,KULATHUPUZHA,94,,,,,
632,33,PUNALUR,86,,,,,
633,33,THENMALA,102,,,,,
634,33,THINKALKARIKKOM,100,,,,,
635,33,VALAKKODE,97,,,,,
636,34,CHANGANNASSERY,105,,,,,
637,34,CHETHIPPUZHA,114,,,,,
638,34,KANGAZHA,110,,,,,
639,34,KARUKACHAL,108,,,,,
640,34,KURICHY,101,,,,,
641,34,MADAPPALLY,107,,,,,
642,34,NEDUMKUNNAM,109,,,,,
643,34,PAYIPPADU,115,,,,,
644,34,THOTTAKKADU,113,,,,,
645,34,THRIKKODITHANAM,106,,,,,
646,34,VAKATHANAM,102,,,,,
647,34,VAZHAPPALLY KIZHAKKU,103,,,,,
648,34,VAZHAPPALLY PADINJARU,104,,,,,
649,34,VAZHOOR,111,,,,,
650,34,VELLAVOOR,112,,,,,
651,35,CHERUVALLY,207,,,,,
652,35,CHIRAKKADAVU,201,,,,,
653,35,EDAKKUNNAM,209,,,,,
654,35,ELANGULAM,210,,,,,
655,35,ELIKKULAM,208,,,,,
656,35,ERUMELI NORTH,205,,,,,
657,35,ERUMELI SOUTH,204,,,,,
658,35,KANJIRAPPALLY,202,,,,,
659,35,KOOTTICKAL,211,,,,,
660,35,KOOVAPPALLY,212,,,,,
661,35,KORUTHODU,,,,,,
662,35,MANIMALA,206,,,,,
663,35,MUNDAKKAYAM,203,,,,,
664,36,AKALAKKUNNAM,5,,,,,
665,36,ANIKKADU,,,,,,
666,36,ARPPOOKKARA,25,,,,,
667,36,ATHIRAMPUZHA,3,,,,,
668,36,AYARKKUNNAM,4,,,,,
669,36,AYMANAM,12,,,,,
670,36,CHENGALAM EAST,22,,,,,
671,36,CHENGALAM SOUTH,,,,,,
672,36,ETTUMANOOR,,,,,,
673,36,KAIPPUZHA,11,,,,,
674,36,KOOROPPADA,7,,,,,
675,36,KOTTAYAM,15,,,,,
676,36,KUMARAKOM,13,,,,,
677,36,MANARCADU,8,,,,,
678,36,MEENADOM,20,,,,,
679,36,MUTTAMBALAM,24,,,,,
680,36,NATTAKOM,16,,,,,
681,36,ONAMTHURUTH,1,,,,,
682,36,PAMPADY KOTTAYAM,2,,,,,
683,36,PANACHIKKADU,17,,,,,
684,36,PEROOR,26,,,,,
685,36,PERUMBAYIKKADU,10,,,,,
686,36,PUTHUPPALLY KOTTAYAM,18,,,,,
687,36,THIRUVARPPU,14,,,,,
688,36,VELOOR,21,,,,,
689,36,VIJAYAPURAM,9,,,,,
690,37,BHARANANGANAM,311,,,,,
691,37,ELACKADU,308,,,,,
692,37,ERATTUPETTA,325,,,,,
693,37,KADANADU,303,,,,,
694,37,KADAPLAMATTOM,,,,,,
695,37,KANAKKARI,322,,,,,
696,37,KIDANGOOR,321,,,,,
697,37,KONDUR,316,,,,,
698,37,KURAVILANGADU,307,,,,,
699,37,KURICHITHANAM,306,,,,,
700,37,LALAM,310,,,,,
701,37,MEENACHIL,319,,,,,
702,37,MELUKAVU,312,,,,,
703,37,MONIPPALLY,323,,,,,
704,37,MOONNILAVU,326,,,,,
705,37,POONJAR,313,,,,,
706,37,POONJAR NADUBHAGAM,314,,,,,
707,37,POONJAR THEKKEKKARA,315,,,,,
708,37,POOVARANI,318,,,,,
709,37,PULIYANNOOR,320,,,,,
710,37,RAMAPURAM,302,,,,,
711,37,THALANADU,,,,,,
712,37,THALAPPALAM,317,,,,,
713,37,THEEKOY,324,,,,,
714,37,UZHAVOOR,305,,,,,
715,37,VALLICHIRA,309,,,,,
716,37,VELIYANNOOR,301,,,,,
717,37,VELLILAPPALLY,304,,,,,
718,38,CHEMPU,401,,,,,
719,38,KADUTHURITHY,413,,,,,
720,38,KALLARA VAIKOM,411,,,,,
721,38,KOTHANALLOOR,416,,,,,
722,38,KULASHEKARAMANGALAM,405,,,1534,74,CHEMBUKAVU
723,38,MANJOOR,412,,,,,
724,38,MULAKKULAM,403,,,,,
725,38,MUTTUCHIRA,415,,,,,
726,38,NADUVILA,407,,,,,
727,38,NJEEZHOOR,414,,,,,
728,38,T V PURAM,,,,,,
729,38,THALAYAZHAM,409,,,,,
730,38,UDAYANAPURAM,,,,,,
731,38,VADAKKEMURI,406,,,,,
732,38,VADAYAR,404,,,,,
733,38,VAIKOM,408,,,,,
734,38,VECHOOR,410,,,,,
735,38,VELLOOR,402,,,,,
736,39,ARIKKULAM,54,,,,,
737,39,ATHOLI,56,,,,,
738,39,AVIDANALLUR,55,,,,,
739,39,BALUSSERY,57,,,,,
740,39,CHAKKITTAPPARA,80,,,,,
741,39,CHANGAROTH,59,,,,,
742,39,CHEMANCHERI,61,,,,,
743,39,CHEMPANODA,,,,,,
744,39,CHENGOTTUKAVU,60,,,,,
745,39,CHERUVANNUR KOYILANDI,58,,,,,
746,39,ERAVATTUR,62,,,,,
747,39,IRINGAL,63,,,,,
748,39,KAYANNA,65,,,,,
749,39,KEEZHARIYUR,67,,,,,
750,39,KOORACHUNDU,71,,,,,
751,39,KOOTHALI,64,,,,,
752,39,KOTTUR,68,,,,,
753,39,KOZHUKKALLUR,66,,,,,
754,39,MENHANYAM,72,,,,,
755,39,MEPPAYYUR,73,,,,,
756,39,MOODADI,74,,,,,
757,39,NADUVANNUR,75,,1481,73,CHELAKKODE,
758,39,NOCHAD,76,,,,,
759,39,PALERI,77,,,,,
760,39,PANTHALAYANI,83,,,,,
761,39,PAYYOLI,81,,,,,
762,39,PERUMBRA KOILANDY,78,,,,,
763,39,THIKKODI,86,,,,,
764,39,THURAYUR,85,,,,,
765,39,ULLIYERI,88,,,,,
766,39,VIYUR,89,,,,,
767,40,BEYPORE,1,,,,,
768,40,CHATHAMANGALAM,5,,,,,
769,40,CHELANNUR,3,,,,,
770,40,CHELAVUR,6,,,,,
771,40,CHERUVANNOOR,2,,,,,
772,40,CHEVAYUR,4,,,,,
773,40,ELATHUR,7,,,,,
774,40,FEROKE,8,,,,,
775,40,KACHERY,11,,,,,
776,40,KADALUNDY,9,,,,,
777,40,KAKKAD,18,,,,,
778,40,KAKKODI,12,,,,,
779,40,KAKKUR,21,,,,,
780,40,KARUVANTHIRUTHI,28,,,,,
781,40,KASABA,10,,,,,
782,40,KODIYATHUR,17,,,,,
783,40,KOTTOOLI,24,,,,,
784,40,KUMARANALLUR,16,,,,,
785,40,KUNNAMANGALAM,14,,,,,
786,40,KURUVATTOOR,13,,,,,
787,40,KUTTIKKATTOOR,25,,,,,
788,40,MADAVUR,29,,,,,
789,40,MAVOOR,30,,,,,
790,40,NAGARAM,31,,,,,
791,40,NANMINDA,35,,,,,
792,40,NEELESWARAM,33,,,,,
793,40,NELLIKODE,32,,,,,
794,40,OLAVANNA,36,,,,,
795,40,PANNIYANKARA,37,,,,,
796,40,PANTHEERANKAVU,49,,,,,
797,40,PERUMANNA,40,,,,,
798,40,PERUVAYAL,39,,,,,
799,40,POOLAKKODE,38,,,,,
800,40,PUTHIYANGADI,52,,,,,
801,40,RAMANATTUKARA,43,,,,,
802,40,THALAKKULATHUR,45,,,,,
803,40,THAZHEKODE,47,,,,,
804,40,VALAYANAD,51,,,,,
805,40,VENGERI,48,,,,,
806,41,EANGAPUZHA,27,,,,,
807,41,KANTHALAD,69,,,,,
808,41,KATTIPPARA,,,,,,
809,41,KEDAVUR THAMARASSERY,23,,,,,
810,41,KINALOOR,70,,,,,
811,41,KIZHAKKOTH,20,,,,,
812,41,KODANCHERY,15,,,,,
813,41,KODUVALLY,19,,,,,
814,41,KOODARANHI,26,,,,,
815,41,KOODATHAI,22,,,,,
816,41,NARIKKUNI,34,,,,,
817,41,NELLIPOYIL,53,,,,,
818,41,PANANGAD,82,,,,,
819,41,PUTHOOR,41,,,,,
820,41,PUTHUPPADY,42,,,,,
821,41,RAROTH,44,,,,,
822,41,SIVAPURAM,84,,,,,
823,41,THIRUVAMPADY,46,,,,,
824,41,UNNIKULAM,87,,,,,
825,41,VAVAD,50,,,,,
826,42,AYANCHERY,90,,,,,
827,42,AZHIYUR,91,,,,,
828,42,CHEKKIAD,93,,,,,
829,42,CHORODE,94,,,,,
830,42,EDACHERI,95,,,,,
831,42,ERAMALA,96,,,,,
832,42,KAVILUMPARA,97,,,,,
833,42,KAYAKKODI,98,,,,,
834,42,KOTTAPPALLY,99,,,,,
835,42,KUNNUMMAL,100,,,,,
836,42,KUTTIADY,101,,,,,
837,42,MANIYUR,103,,,,,
838,42,MARUTHONKARA,102,,,,,
839,42,NADAKKUTHAZHA,105,,,,,
840,42,NADAPURAM,104,,,,,
841,42,NARIPPATTA,106,,,,,
842,42,ONCHIYAM,107,,,,,
843,42,PALAYAD,108,,,,,
844,42,PURAMERI,109,,,,,
845,42,THINOOR,112,,,,,
846,42,THIRUVALLOOR,111,,,,,
847,42,TUNERI,110,,,,,
848,42,VALAYAM,114,,,,,
849,42,VANIMEL,113,,,,,
850,42,VATAKARA,92,,,,,
851,42,VELOM,117,,,,,
852,42,VILANGAD,116,,,,,
853,42,VILLIAPPALLY,115,,,,,
854,43,ANAKKAYAM,86,,,,,
855,43,AREACODE,103,,,,,
856,43,CHEMBRASSERY,123,,,,,
857,43,EDAVANNA,107,,,,,
858,43,ELANKUR,104,,,,,
859,43,KARAKUNNU,105,,,,,
860,43,KAVANUR,112,,,,,
861,43,KEEZHUPARAMBA,95,,,,,
862,43,MALAPPURAM,78,,,,,
863,43,MANJERI,100,,,,,
864,43,MELMURI,82,,,,,
865,43,NARUKARA,109,,,,,
866,43,PANAKKAD,134,,,,,
867,43,PANDALLUR,85,,,,,
868,43,PANDIKKAD,121,,,,,
869,43,PAYYANAD,110,,,,,
870,43,PERAKAMANNA,106,,,,,
871,43,POOKKOTTUR,87,,,,,
872,43,PULPATTA,102,,,,,
873,43,THRIKKALANGODE,101,,,,,
874,43,URANGATTIRI,94,,,,,
875,43,VETTIKKATTIRI,111,,,,,
876,43,VETTILIPPARA,133,,,,,
877,44,CHEEKODE,97,,,,,
878,44,CHELEMBRA,92,,,,,
879,44,CHERUKAVU,90,,,,,
880,44,KONDOTTY,88,,,,,
881,44,KUZHIMANNA,98,,,,,
882,44,MORAYUR,83,,,,,
883,44,MUTHUVALLUR,99,,,,,
884,44,NEDIYIRUPPU,84,,,,,
885,44,PALLIKAL,91,,,,,
886,44,PULIKKAL,89,,,,,
887,44,VAZHAKKAD,96,,,,,
888,44,VAZHAYUR,93,,,,,
889,45,AKAMPADAM,131,,,,,
890,45,AMARAMBALAM,118,,,,,
891,45,CHOKKAD,128,,,,,
892,45,CHUNGATHARA,116,,,,,
893,45,EDAKKARA,117,,,,,
894,45,KALIKAVU,119,,,,,
895,45,KARULAI,126,,,,,
896,45,KARUVARAKUNDU,120,,,,,
897,45,KERALA ESTATE,130,,,,,
898,45,KURUMBALANGODE,129,,,,,
899,45,MAMPAD,114,,,,,
900,45,MOOTHEDAM,137,,,,,
901,45,NILAMBUR,115,,,,,
902,45,PORUR,122,,,,,
903,45,POTHUKALLU,138,,,,,
904,45,PULLIPPADAM,132,,,,,
905,45,THIRUVALI,108,,,,,
906,45,THUVVUR,124,,,,,
907,45,VAZHIKKADAVU,127,,,,,
908,45,VELLAYUR,125,,,,,
909,45,WANDOOR,113,,,,,
910,46,ALIPARAMBA,12,,,,,
911,46,ANAMANGAD,11,,,,,
912,46,ANGADIPPURAM,14,,,,,
913,46,ARAKKUPARAMBA,4,,,,,
914,46,EDAPATTA,10,,,,,
915,46,ELAMKULAM MALAPPURAM,13,,,,,
916,46,KARYAVATTOM,7,,,,,
917,46,KEEZHATTUR,5,,,,,
918,46,KODUR,19,,,,,
919,46,KOOTTILANGADI,18,,,,,
920,46,KURUVA,20,,,,,
921,46,KURUVAMBALAM,23,,,,,
922,46,MANKADA,16,,,,,
923,46,MELATTUR,9,,,,,
924,46,MOORKKANAD,24,,,,,
925,46,NENMINI,6,,,,,
926,46,PATHAIKKARA,2,,,,,
927,46,PERINTALMANNA,1,,,,,
928,46,PULAMANTHOLE,22,,,,,
929,46,PUZHAKKATTIRI,21,,,,,
930,46,THAZHEKKODE,3,,,,,
931,46,VADAKKANGARA,17,,,,,
932,46,VALAMBUR,15,,,,,
933,46,VETTATHOOR,8,,,,,
934,47,ALAMKODE MALAPPURAM,76,,,,,
935,47,EDAPPAL,71,,,,,
936,47,EZHAVATHURUHY,68,,,,,
937,47,KALADY PONNANI,70,,,,,
938,47,MARANCHERI,73,,,,,
939,47,NANNAMUKKU,77,,,,,
940,47,PERUMPADAPPU,74,,,,,
941,47,PONNANI NAGARAM,67,,,,,
942,47,THAVANUR,69,,,,,
943,47,VATTAMKULAM,72,,,,,
944,47,VELIYANCODE,75,,,,,
945,48,ANANTHAVOOR,54,,,,,
946,48,ATHAVANAD,63,,,,,
947,48,CHERIYAMUNDAM,44,,,,,
948,48,EDAYUR,59,,,,,
949,48,IRIMBILIYAM,58,,,,,
950,48,KALPAKANCHERY,43,,,,,
951,48,KATTIPPARUTHY,57,,,,,
952,48,KOTTAKKAL,79,,,,,
953,48,KURUMBATHOOR,62,,,,,
954,48,KUTTIPPURAM,55,,,,,
955,48,MANGALAM,51,,,,,
956,48,MARAKKARA,61,,,,,
957,48,MELMMURI,60,,,,,
958,48,NADUVATTOM,56,,,,,
959,48,NIRAMARUTHUR,66,,,,,
960,48,OZHUR,45,,,,,
961,48,PARIYAPURAM,135,,,,,
962,48,PERUMMANNA,41,,,,,
963,48,PONMALA,80,,,,,
964,48,PONMUNDAM,40,,,,,
965,48,PURATHUR,52,,,,,
966,48,TANALUR,46,,,,,
967,48,TANUR,39,,,,,
968,48,THALAKKAD,48,,,,,
969,48,THIRUNAVAYA,53,,,,,
970,48,THRIKKANDIYOOR,65,,,,,
971,48,TIRUR,47,,,,,
972,48,TRIPRANGODE,50,,,,,
973,48,VALAVANNUR,42,,,,,
974,48,VETTOM,49,,,,,
975,49,A R NAGAR,31,,,,,
976,49,ARIYALLUR,34,,,,,
977,49,EDARIKKODE,136,,,,,
978,49,KANAMANGALAM,26,,,,,
979,49,MOONNIYUR,36,,,,,
980,49,NANNAMBRA,38,,,,,
981,49,NEDUVA,64,,,,,
982,49,OTHUKUNGAL,28,,,,,
983,49,PARAPPANANGADI,33,,,,,
984,49,PARAPPUR,29,,,,,
985,49,PERUVALLUR,27,,,,,
986,49,TENHIPPALAM,37,,,,,
987,49,THENNALA,30,,,,,
988,49,TIRURANGADI,32,,,,,
989,49,UURAKAM,81,,,,,
990,49,VALLIKUNNU,35,,,,,
991,49,VENGARA,25,,,,,
992,50,ALATHUR,61,,,,,
993,50,ERIMAYUR I,62,,,,,
994,50,ERIMAYUR II,63,,,,,
995,50,KANNAMBRA I,68,,,,,
996,50,KANNAMBRA II,69,,,,,
997,50,KAVASSERY I,70,,,,,
998,50,KAVASSERY II,71,,,,,
999,50,KIZHAKKANCHERRY I,66,,,,,
1000,50,KIZHAKKANCHERRY II,67,,,,,
1001,50,KOTTAYI I,74,,,,,
1002,50,KOTTAYI II,75,,,,,
1003,50,KUTHANNUR-I,72,,,,,
1004,50,KUTHANOOR-II,73,,,,,
1005,50,KUZHALMANDHAM I,64,,,,,
1006,50,KUZHALMANDHAM II,65,,,,,
1007,50,MANGALAMDAM,79,,,,,
1008,50,MATHUR I,77,,,,,
1009,50,MATHUR II,78,,,,,
1010,50,MELARCODE,76,,,,,
1011,50,PERINGOTTUKURUSSY-I,81,,,,,
1012,50,PERINGOTTUKURUSSY-II,82,,,,,
1013,50,PUDUCODE,80,,,,,
1014,50,TARUR I,83,,,,,
1015,50,TARUR II,84,,,,,
1016,50,THENKURUSSY I,85,,,,,
1017,50,THENKURUSSY II,86,,,,,
1018,50,VADAKKANCHERRY I,89,,,,,
1019,50,VADAKKANCHERRY II,90,,,,,
1020,50,VANDAZHI I,87,,,,,
1021,50,VANDAZHI II,88,,,,,
1022,51,AYILUR,31,,,,,
1023,51,CHITTUR,32,,,,,
1024,51,ELAVANCHERY,34,,,,,
1025,51,ERUTHEMPATHY,33,,,,,
1026,51,KAIRADY,37,,,,,
1027,51,KODUVAYUR-I,40,,,,,
1028,51,KODUVAYUR-II,41,,,,,
1029,51,KOLLENGODE-I,38,,,,,
1030,51,KOLLENGODE-II,39,,,,,
1031,51,KOZHINJAMPARA,36,,,,,
1032,51,KOZHIPATHY,35,,,,,
1033,51,MOOLATHARA,42,,,,,
1034,51,MUTHALAMADA-I,43,,,,,
1035,51,MUTHALAMADA-II,44,,,,,
1036,51,NALLEPPILLY,45,,,,,
1037,51,NELLIYAMPATHY,47,,,,,
1038,51,NENMARA,46,,,,,
1039,51,OZHALAPATHY,48,,,,,
1040,51,PALLASAANA,51,,,,,
1041,51,PATTANCHERY,50,,,,,
1042,51,PERUMATTY,49,,,,,
1043,51,PUDUNAGARAM,52,,,,,
1044,51,THATTAMANGALAM,54,,,,,
1045,51,THEKKEDESAM,53,,,,,
1046,51,THIRUVAZHIYODE,55,,,,,
1047,51,VADAKARAPPATHI,57,,,,,
1048,51,VADAVANNUR,58,,,,,
1049,51,VALIYAVALLAMPATHY,56,,,,,
1050,51,VALLANGHI,59,,,,,
1051,51,VANDITHAVALAM,60,,,,,
1052,52,AGALI,94,,,,,
1053,52,ALANALLUR-I,91,,,,,
1054,52,ALANALLUR-II,92,,,,,
1055,52,ALANALLUR-III,93,,,,,
1056,52,KALLAMALA,102,,,,,
1057,52,KARAKURUSSI,99,,,,,
1058,52,KARIMBA1,100,,,,,
1059,52,KARIMBA2,101,,,,,
1060,52,KOTATHARA,103,,,,,
1061,52,KOTTOPPADAM-I,95,,,,,
1062,52,KOTTOPPADAM-II,96,,,,,
1063,52,KOTTOPPADAM-III,97,,,,,
1064,52,KUMARAMPUTHUR,98,,,,,
1065,52,MANNARKKAD I,104,,,,,
1066,52,MANNARKKAD II,105,,,,,
1067,52,PADAVAYAL,109,,,,,
1068,52,PALAKKAYAM,111,,,,,
1069,52,PAYYANEDAM,110,,,,,
1070,52,POTTASSERI-I,106,,,,,
1071,52,POTTASSERI-II,107,,,,,
1072,52,PUDUR,108,,,,,
1073,52,SHOLAYUR,112,,,,,
1074,52,THACHAMPARA,115,,,,,
1075,52,THACHANATTUKARA-I,113,,,,,
1076,52,THACHANATTUKARA-II,114,,,,,
1077,53,AMBALAPPARA I,118,,,,,
1078,53,AMBALAPPARA II,119,,,,,
1079,53,ANANGANADI,117,,,,,
1080,53,CHALAVARA,122,,,,,
1081,53,CHERPULACHERRY,120,,,,,
1082,53,KADAMPAZHIPPURAM I,125,,,,,
1083,53,KADAMPAZHIPPURAM II,126,,,,,
1084,53,KARIMPUZHA I,123,,,,,
1085,53,KARIMPUZHA II,124,,,,,
1086,53,LAKKIDIPERUR I,130,,,,,
1087,53,LAKKIDIPERUR II,131,,,,,
1088,53,NELLAYA,134,,,,,
1089,53,OTTAPALAM I,137,,,,,
1090,53,OTTAPALAM II,138,,,,,
1091,53,POOKKOTTUKAVU,,,,,,
1092,53,SHORANUR I,144,,,,,
1093,53,SHORANUR II,145,,,,,
1094,53,SREEKRISHNAPURAM I,142,,,,,
1095,53,SREEKRISHNAPURAM II,143,,,,,
1096,53,THRIKKADEERI I,146,,,,,
1097,53,THRIKKADEERI II,147,,,,,
1098,53,VANIYAKULAM I,153,,,,,
1099,53,VANIYAKULAM II,154,,,,,
1100,53,VELLINEZHI,152,,,,,
1101,54,AKATHETHARA,1,,,,,
1102,54,ELAPPULLY I,2,,,,,
1103,54,ELAPPULY II,3,,,,,
1104,54,KANNADI I,4,,,,,
1105,54,KANNADI II,5,,,,,
1106,54,KERALASSERY,6,,,,,
1107,54,KODUMBA,9,,,,,
1108,54,KONGAD I,7,,,,,
1109,54,KONGAD II,8,,,,,
1110,54,MALAMPUZHA I,10,,,,,
1111,54,MALAMPUZHA II,11,,,,,
1112,54,MANKARA,13,,,,,
1113,54,MANNUR,14,,,,,
1114,54,MARUTHUROAD,12,,,,,
1115,54,MUNDUR I,15,,,,,
1116,54,MUNDUR II,16,,,,,
1117,54,PALAKKAD I,17,,,,,
1118,54,PALAKKAD-2,18,,,,,
1119,54,PALAKKAD-3,19,,,,,
1120,54,PARALI I,21,,,,,
1121,54,PARALI II,22,,,,,
1122,54,PERUVEMBU,29,,,,,
1123,54,PIRIYARI,20,,,,,
1124,54,POLPULLY,28,,,,,
1125,54,PUTHUPPARIYARAM I,23,,,,,
1126,54,PUTHUPPARIYARAM II,24,,,,,
1127,54,PUTHUSSERRY CENTRAL,26,,,,,
1128,54,PUTHUSSERRY EAST,25,,,,,
1129,54,PUTHUSSERY WEST,27,,,,,
1130,54,YAKKARA,30,,,,,
1131,55,AANAKKARA,116,,,,,
1132,55,CHALISSERY,121,,,,,
1133,55,KAPPUR,127,,,,,
1134,55,KOPPAM,129,,,,,
1135,55,KULUKKALLUR,128,,,,,
1136,55,MUTHUTHALA,132,,,,,
1137,55,NAGALASSERRY,133,,,,,
1138,55,ONGALLUR-I,135,,,,,
1139,55,ONGALLUR-II,136,,,,,
1140,55,PARUTHUR,141,,,,,
1141,55,PATTAMBI,140,,,,,
1142,55,PATTITHARA,139,,,,,
1143,55,THIRUMITTAKKODE-I,148,,,,,
1144,55,THIRUMITTAKODE-II,149,,,,,
1145,55,THIRUVEGAPPURA,150,,,,,
1146,55,THRITHALA,151,,,,,
1147,55,VALLAPUZHA,156,,,,,
1148,55,VILAYUR,155,,,,,
1149,56,ADOOR,315,,,,,
1150,56,ANGADICKAL,314,,,,,
1151,56,ENADIMANGALAM,312,,,,,
1152,56,ENATHU,3112,,,,,
1153,56,ERATHU,317,,,,,
1154,56,EZHAMKULAM,316,,,,,
1155,56,KADAMBANAD,319,,,,,
1156,56,KODUMON,313,,,,,
1157,56,KURAMPALA,3114,,,,,
1158,56,PALLICKAL,3168,,,,,
1159,56,PANDALAM,3111,,,,,
1160,56,PANDALAM-THEKKEKARA,3110,,,,,
1161,56,PERINGNAD,318,,,,,
1162,56,THUMPAMON,3169,,,,,
1163,57,ARUVAPPALUM,363,,,,,
1164,57,CHITTAR,3610,,,,,
1165,57,IRAVON,366,,,,,
1166,57,KALANJOOR,1,,,,,
1167,57,KONNI,364,,,,,
1168,57,KONNITHAZHAM,365,,,,,
1169,57,KOODAL,362,,,,,
1170,57,MALAYALAPUZHA,367,,,,,
1171,57,MYLAPRA,368,,,,,
1172,57,PRAMADOM,3613,,,,,
1173,57,SEETHATHODE,3611,,,,,
1174,57,THANNITHODE,369,,,,,
1175,57,VALLICODU,3614,,,,,
1176,57,VALLICODU KOTTAYAM,3615,,,,,
1177,58,ARANMULA,3339,,,,,
1178,58,CHENNEERKARA,3330,,,,,
1179,58,ELANTHOOR,3329,,,,,
1180,58,KIDANGANNUR,3340,,,,,
1181,58,KOZHENCHERY,3366,,,,,
1182,58,KULANADA,3342,,,,,
1183,58,MALLAPUZHASSERRY,3328,,,,,
1184,58,MEZHUVELI,3341,,,,,
1185,58,NARANGANAM,3327,,,,,
1186,58,OMALLUR,3331,,,,,
1187,58,PATHANAMTHITTA,3326,,,,,
1188,59,ANICADU,3557,,,,,
1189,59,EZHUMATTOOR,3561,,,,,
1190,59,KALLOORPPARA,3565,,,,,
1191,59,KOTTANGAL,3560,,,,,
1192,59,KUNNAMTHANAM,3564,,,,,
1193,59,MALLAPALLY,3556,,,,,
1194,59,PERUMPETTY,3558,,,,,
1195,59,PURAMATTOM,3559,,,,,
1196,59,THELLIYOOR,3563,,,,,
1197,60,ANGADI,3446,,,,,
1198,60,ATHIKAYAM,3455,,,,,
1199,60,AYROOR,3453,,,,,
1200,60,CHERUKOLE,3452,,,,,
1201,60,CHETAKKAL,3448,,,,,
1202,60,KOLLAMULA,3454,,,,,
1203,60,PAZHAVANGADI RANNI,3447,,,,,
1204,60,PERUNADU RANNI,3449,,,,,
1205,60,RANNY,3451,,,,,
1206,60,VADASSERIKARA,3467,,,,,
1207,61,ERAVIPEROOR,3221,,,,,
1208,61,KADAPRA,3216,,,,,
1209,61,KAVIYOOR,3262,,,,,
1210,61,KAVUMBHAGOM,3220,,,,,
1211,61,KOIPURAM,3223,,,,,
1212,61,KUTTAPUZHA,3225,,,,,
1213,61,KUTTOOR THIRUVALLA,3224,,,,,
1214,61,NEDUMPRAM,3217,,,,,
1215,61,NIRANAM,3215,,,,,
1216,61,PERINGRA,3218,,,,,
1217,61,THIRUVALLA,3219,,,,,
1218,61,THOTTAPUZHASSERRY,3222,,,,,
1219,62,ALAMCODE,67,,,,,
1220,62,ANCHUTHENGU,,,,,,
1221,62,ATTINGAL,65,,,,,
1222,62,AVANAVANCHERRY,,,,,,
1223,62,AZHOOR,59,,,,,
1224,62,EDAKODE,68,,,,,
1225,62,ELAMBA,,,,,,
1226,62,KADAKKAVUR,62,,,,,
1227,62,KARAVARAM,84,,,,,
1228,62,KEEZHATTINGAL,66,,,,,
1229,62,KILIMANOOR,76,,,,,
1230,62,KIZHUVILLAM,61,,,,,
1231,62,KODUVAZHANOOR,79,,,,,
1232,62,KOONTHALLOOR,,,,,,
1233,62,MUDHAKKAL,69,,,,,
1234,62,NAGAROOR,80,,,,,
1235,62,PAZHAYAKUNNUMMEL,77,,,,,
1236,62,PULIMATH,78,,,,,
1237,62,SARKARA,60,,,,,
1238,62,VAKKAM,63,,,,,
1239,62,VELLALLOOR,81,,,,,
1240,63,AMBOORI,107,,,,,
1241,63,KALLIKKAD,114,,,,,
1242,63,KEEZHAROOR,103,,,,,
1243,63,KULATHUMMAL,112,,,,,
1244,63,MALAYINKEEZH,,,,,,
1245,63,MANNOORKKARA,52,,,,,
1246,63,MARANALLUR,111,,,,,
1247,63,OTTASEKHARAMANGALAM,113,,,,,
1248,63,PERUMKULAM,53,,,,,
1249,63,VAZHICHAL,115,,,,,
1250,63,VEERANAKAV,51,,,,,
1251,63,VILAPPIL,109,,,,,
1252,63,VILAVOORKAL,110,,,,,
1253,64,ANAD,33,,,,,
1254,64,ARUVIKKARA,50,,,,,
1255,64,ARYANAD,48,,,,,
1256,64,KALLARA NEDUMANGAD,44,,,,,
1257,64,KARAKULAM,36,,,,,
1258,64,KARIPPUR,39,,,,,
1259,64,KOLIYACODE,57,,,,,
1260,64,KURUPUZHA,41,,,,,
1261,64,MANIKKAL,56,,,,,
1262,64,NEDUMANGAD,38,,,,,
1263,64,NELLANAD,58,,,,,
1264,64,PALODE,40,,,,,
1265,64,PANAVOOR,34,,,,,
1266,64,PANGODE,45,,,,,
1267,64,PERINGAMMALA,42,,,,,
1268,64,PULLAMPARA,55,,,,,
1269,64,THEKKADA,32,,,,,
1270,64,THENNOOR,43,,,,,
1271,64,THOLICODE,47,,,,,
1272,64,UZHAMALAKKAL,35,,,,,
1273,64,VAMANAPURAM,54,,,,,
1274,64,VATTAPPARA,37,,,,,
1275,64,VELLANAD,49,,,,,
1276,64,VEMBAYAM,31,,,,,
1277,64,VITHURA,46,,,,,
1278,65,ANAVOOR,105,,,,,
1279,65,ATHIYANNOOR,93,,,,,
1280,65,BALARAMAPURAM,,,,,,
1281,65,CHENKAL,101,,,,,
1282,65,KANJIRAMKULAM,92,,,,,
1283,65,KARODE,100,,,,,
1284,65,KARUMKULAM,91,,,,,
1285,65,KOLLAYIL,89,,,,,
1286,65,KOTTUKAL,95,,,,,
1287,65,KULATHOOR,99,,,,,
1288,65,KUNNATHUKAL,104,,,,,
1289,65,NEYYATTINKARA,87,,,,,
1290,65,PALLICHAL,94,,,,,
1291,65,PARASSALA,97,,,,,
1292,65,PARASUVAIKKAL,98,,,,,
1293,65,PERUMKADAVILA,102,,,,,
1294,65,PERUMPAZHUTHOOR,88,,,,,
1295,65,POOVAR,,,,,,
1296,65,THIRUPURAM,90,,,,,
1297,65,VELLARADA,106,,,,,
1298,65,VIZHINJAM,96,,,,,
1299,66,ANDOORKONAM,26,,,,,
1300,66,ATTIPRA,21,,,,,
1301,66,AYIROOPARA,27,,,,,
1302,66,CHERUVAKKAL,19,,,,,
1303,66,KADAKAMPALLY,4,,,,,
1304,66,KADINAMKULAM,25,,,,,
1305,66,KALLIYOOR,7,,,,,
1306,66,KAZHAKOOTTAM,22,,,,,
1307,66,KEEZHTHONNAKKAL,30,,,,,
1308,66,KOWDIAR,18,,,,,
1309,66,KUDAPPANAKUNNU,15,,,,,
1310,66,MANACAUD,,,,,,
1311,66,MELTHONACKAL,23,,,,,
1312,66,MENAMKULAM,,,,,,
1313,66,MUTTATHARA,12,,,,,
1314,66,NEMOM,6,,,,,
1315,66,PALLIPURAM TRIVANDRUM,28,,,,,
1316,66,PANGAPARA,20,,,,,
1317,66,PATTOM,17,,,,,
1318,66,PEROORKADA,,,,,,
1319,66,PETTAH,,,,,,
1320,66,SASTHAMANGALAM,11,,,,,
1321,66,THIRUMALA,,,,,,
1322,66,THIRUVALLAM,8,,,,,
1323,66,THYCAUD,5,,,,,
1324,66,ULIYAZHATHURA,29,,,,,
1325,66,ULOOR,16,,,,,
1326,66,VANCHIYOOR,1,,,,,
1327,66,VATTIYOORKAVU,10,,,,,
1328,66,VEGANOOR,9,,,,,
1329,66,VEILOOR,24,,,,,
1330,67,AYIROOR,74,,,,,
1331,67,CHEMMARUTHI,75,,,,,
1332,67,CHERUNNIYUR,,,,,,
1333,67,EDAVA,73,,,,,
1334,67,KUDAVOOR,83,,,,,
1335,67,MADAVOOR,85,,,,,
1336,67,MANAMBOOR,64,,,,,
1337,67,NAVAIKULAM,82,,,,,
1338,67,OTTUR,70,,,,,
1339,67,PALLIKKAL,86,,,,,
1340,67,VARKALA,72,,,,,
1341,67,VETTUR,71,,,,,
1342,68,ALATHUR TCR,226,,,,,
1343,68,ALOOR CHALAKUDY,233,,,,,
1344,68,ANNALLUR,249,,,,,
1345,68,ATHIRAPILLY,,,,,,
1346,68,ELINJIPRA,230,,,,,
1347,68,KADUKUTTY,,,,,,
1348,68,KAKKULISSERY,219,,,,,
1349,68,KALLETTUMKARA,248,,,,,
1350,68,KALLUR THEKKUMMURI,,,,,,
1351,68,KIZHAKKE CHALAKUDI,246,,,,,
1352,68,KIZHAKKUMURY CHALAKUDY,239,,,,,
1353,68,KODAKARA,205,,,,,
1354,68,KODASSERY,243,,,,,
1355,68,KURUVILASSERY,225,,,,,
1356,68,KUTTICHIRA,257,,,,,
1357,68,MATTATHUR,216,,,,,
1358,68,MELUR,245,,,,,
1359,68,MUPPILIYAM,255,,,,,
1360,68,MURINGOOR THEKKUMMURI,244,,,,,
1361,68,MURINGOOR VADAKKUMMURI,259,,,,,
1362,68,NANDIPULAM,254,,,,,
1363,68,PADINJARE CHALAKUDI,253,,,,,
1364,68,PARIYARAM,231,,,,,
1365,68,PERAMBRA CHALAKUDY,252,,,,,
1366,68,POTTA,258,,,,,
1367,68,THAZHEKKAD,242,,,,,
1368,68,THIRUMUKKULAM,220,,,,,
1369,68,VADAKKUMBHAGAM,201,,,,,
1370,68,VADAMA,202,,,,,
1371,68,VARANDARAPILLY,218,,,,,
1372,68,VELLIKULANGARA,256,,,,,
1373,69,ANNAKARA,422,,,,,
1374,69,BRAHMAKULAM,429,,,,,
1375,69,CHAVAKKAD,425,,,,,
1376,69,EDAKKAZHIYUR,424,,,,,
1377,69,ELAVALLY,407,,,,,
1378,69,ENGANDIYUR,411,,,,,
1379,69,GURUVAYUR,412,,,,,
1380,69,IRIMBRANELLUR,426,,,,,
1381,69,IRINGAPRAM,413,,,,,
1382,69,KADAPPURAM,423,,,,,
1383,69,KADIKKAD,,,,,,
1384,69,KUNDALIYUR,428,,,,,
1385,69,MANATHALA,401,,,,,
1386,69,MULLASSERY,414,,,,,
1387,69,NATTIKA,420,,,,,
1388,69,ORUMANAYOOR,404,,,,,
1389,69,PAVARATTY,406,,,,,
1390,69,PERAKAM,427,,,,,
1391,69,POOKODE,405,,,,,
1392,69,PUNNAYUR,417,,,,,
1393,69,PUNNAYURKULAM,409,,,,,
1394,69,THAIKKAD CHAVAKKAD,415,,,,,
1395,69,THALIKKULAM,416,,,,,
1396,69,VADAKKEKAD,418,,,,,
1397,69,VADANAPPILLY,402,,,,,
1398,69,VALAPPAD,408,,,,,
1399,69,VENKIDANGU,403,,,,,
1400,69,VENMANAD,430,,,,,
1401,69,VYLATHUR,,,,,,
1402,70,ALA KODUNGALLUR,,,,,,
1403,70,AZHIKODE,104,,,,,
1404,70,CHENDRAPINNI,,,,,,
1405,70,EDATHIRUTHY,111,,,,,
1406,70,EDAVILANGU,107,,,,,
1407,70,ERIYAD,109,,,,,
1408,70,KAIPAMANGALAM,110,,,,,
1409,70,KOOLIMUTTOM,,,,,,
1410,70,LOKAMALESWARAM,102,,,,,
1411,70,MADATHUMPADY,114,,,,,
1412,70,METHALA,101,,,,,
1413,70,PADINJARE VEMBALLUR,,,,,,
1414,70,PALLIPURAM KODUNGALLUR,113,,,,,
1415,70,PANAGAD,,,,,,
1416,70,PAPPINIVATTOM,108,,,,,
1417,70,PERINJANAM,106,,,,,
1418,70,POYYA,112,,,,,
1419,70,PULLUTT,103,,,,,
1420,71,AKATHIYOOR,504,,,,,
1421,71,ALOOR KUNNAMKULAM,,,,,,
1422,71,ANJUR KUNNAMKULAM,,,,,,
1423,71,ARTHAT,,,,,,
1424,71,CHEMMANTHITTA,,,,,,
1425,71,CHIRAMANANGAD,,,,,,
1426,71,CHIRANELLUR,515,,,,,
1427,71,CHOONDAL,526,,,,,
1428,71,CHOWANNUR,525,,,,,
1429,71,ERANELLUR,527,,,,,
1430,71,EYYAL,517,,,,,
1431,71,KADANGODE,503,,,,,
1432,71,KADAVALLUR,514,,,,,
1433,71,KANDANISSERY,554,,,,,
1434,71,KANIPAYYOOR,570,,,,,
1435,71,KARIKKAD,512,,,,,
1436,71,KARIYANNUR,568,,,,,
1437,71,KATTAKAMPAL,510,,,,,
1438,71,KIRALUR,562,,,,,
1439,71,KUNNAMKULAM,551,,,,,
1440,71,MANGAD KUNNAMKULAM,509,,,,,
1441,71,NELLUVAI,567,,,,,
1442,71,PAZHANJI,511,,,,,
1443,71,PERUMPILAVU,513,,,,,
1444,71,PORKULAM,573,,,,,
1445,71,THAYYUR,561,,,,,
1446,71,VELLARAKKAD,506,,,,,
1447,71,VELLATTANJUR,516,,,,,
1448,71,VELUR,558,,,,,
1449,72,AMBALLOOR MUKUNDAPURAM,224,,,,,
1450,72,ANANDAPURAM,217,,,,,
1451,72,CHENGALUR,235,,,,,
1452,72,EDATHIRINJI,203,,,,,
1453,72,IRINJALAKUDA,236,,,,,
1454,72,KAARALAM,206,,,,,
1455,72,KAARUMATHRA,211,,,,,
1456,72,KADUPPASSERY,222,,,,,
1457,72,KALLUR,232,,,,,
1458,72,KATTUR,241,,,,,
1459,72,KOTTANELLUR,208,,,,,
1460,72,MADAYIKKONAM,214,,,,,
1461,72,MANAVALASSERY,215,,,,,
1462,72,MURIYAD,228,,,,,
1463,72,NELLAI,234,,,,,
1464,72,NENMANIKKARA,240,,,,,
1465,72,PADIYOOR MUKUNDAPURAM,204,,,,,
1466,72,PARAPPUKARA,227,,,,,
1467,72,POOMANGALAM,212,,,,,
1468,72,PORATHISSERI,223,,,,,
1469,72,PULLOOR MUKUNDAPURAM,251,,,,,
1470,72,PUTHENCHIRA,207,,,,,
1471,72,THEKKUMKKARA,210,,,,,
1472,72,THORAVU,247,,,,,
1473,72,THOTTIPPAL,250,,,,,
1474,72,TRIKKUR,229,,,,,
1475,72,VADAKKUMKARA,213,,,,,
1476,72,VALLIVATTOM,209,,,,,
1477,72,VELOOKKARA,221,,,,,
1478,73,ARANGOTTUKARA,564,,,,,
1479,73,ATTUR,555,,,,,
1480,73,CHELAKKARA,530,,,,,
1481,73,CHELAKKODE,537,,,,,
1482,73,CHERUTHURUTHY,557,,,,,
1483,73,CHITTANDA,518,,,,,
1484,73,DESAMANGALAM,520,,,,,
1485,73,ELANAD,542,,,,,
1486,73,ENKAKKAD,544,,,,,
1487,73,KANIYARKODE,539,,,,,
1488,73,KANJIRAKKODE,560,,,,,
1489,73,KARUMATHRA,545,,,,,
1490,73,KILLIMANGALAM,550,,,,,
1491,73,KONDAAZHY,571,,,,,
1492,73,KOTTAPURAM,519,,,,,
1493,73,KUMARANELLUR,501,,,,,
1494,73,KURUMALA,528,,,,,
1495,73,MAAYANNUR,535,,,,,
1496,73,MANALITHARA,548,,,,,
1497,73,MINALUR,508,,,,,
1498,73,MULLURKARA,566,,,,,
1499,73,MUNDATHIKODE,505,,,,,
1500,73,NEDUMPURA,556,,,,,
1501,73,PAIMKULAM,523,,,,,
1502,73,PALLUR,521,,,,,
1503,73,PAMBADY THALAPPILLY,540,,,,,
1504,73,PANGARAPPILLY,529,,,,,
1505,73,PANJAL,522,,,,,
1506,73,PARLIKAD,559,,,,,
1507,73,PAZHAYANUR,538,,,,,
1508,73,PERINGANDOOR,507,,,,,
1509,73,PILAKKODE,534,,,,,
1510,73,PULAKODE,531,,,,,
1511,73,PUTHURUTHY,524,,,,,
1512,73,THALASSERY,565,,,,,
1513,73,THEKKUMKARA,547,,,,,
1514,73,THICHUR,563,,,,,
1515,73,THIRUVILWAMALA,541,,,,,
1516,73,THONNURKARA,532,,,,,
1517,73,VADAKKETHARA,536,,,,,
1518,73,VARAVOOR,533,,,,,
1519,73,VENGANELLUR,549,,,,,
1520,73,VENNUR,543,,,,,
1521,73,VIRUPPAKKA,546,,,,,
1522,73,WADAKKANCHERY,502,,,,,
1523,74,AALAPPATT THRISSUR,312,,,,,
1524,74,ADAT,352,,,,,
1525,74,ANJOOR THRISSUR,339,,,,,
1526,74,ANTHICAD,329,,,,,
1527,74,ARANATTUKARA,304,,,,,
1528,74,ARATUPUZHA,322,,,,,
1529,74,AVANISSERY,321,,,,,
1530,74,AVANNUR,310,,,,,
1531,74,AYYANTHOLE,301,,,,,
1532,74,CHALAKKAL,353,,,,,
1533,74,CHAZHOOR,311,,,,,
1534,74,CHEMBUKAVU,,,,,,
1535,74,CHERPU,325,,,,,
1536,74,CHEVVUR,333,,,,,
1537,74,CHITTILAPPILLY,338,,,,,
1538,74,CHIYYARAM,302,,,,,
1539,74,CHULISSERY,371,,,,,
1540,74,EDAKKALATHUR,336,,,,,
1541,74,EDAKKUNNI,332,,,,,
1542,74,ERAVU,359,,,,,
1543,74,INCHAMUDI,347,,,,,
1544,74,KAINOOR,308,,,,,
1545,74,KAIPARAMBU,340,,,,,
1546,74,KANIMANGALAM,303,,,,,
1547,74,KARAMUKK,306,,,,,
1548,74,KILLANNUR,343,,,,,
1549,74,KIZHAKKUMMURI THRISSUR,346,,,,,
1550,74,KIZHUPPILLIKKARA,364,,,,,
1551,74,KODANNUR,319,,,,,
1552,74,KOLAZHY,342,,,,,
1553,74,KOORKKANCHERY,367,,,,,
1554,74,KOZHUKULLY,314,,,,,
1555,74,KURICHIKKARA,326,,,,,
1556,74,KURUNPILAVU,348,,,,,
1557,74,KUTTOOR THRISSUR,355,,,,,
1558,74,MADAKKATHARA,315,,,,,
1559,74,MANAKKODI,357,,,,,
1560,74,MANALUR,307,,,,,
1561,74,MANNAMANGALAM,368,,,,,
1562,74,MARATHAKKARA,354,,,,,
1563,74,MULAYAM,309,,,,,
1564,74,NADATHARA,351,,,,,
1565,74,NETTISSERY,317,,,,,
1566,74,OLLUKKARA,313,,,,,
1567,74,OLLUR,331,,,,,
1568,74,OORAKAM,324,,,,,
1569,74,PADIYAM,344,,,,,
1570,74,PALISSERY,366,,,,,
1571,74,PALLIPURAM TCR,369,,,,,
1572,74,PANANCHERY,320,,,,,
1573,74,PARAKKAD,360,,,,,
1574,74,PARALAM,334,,,,,
1575,74,PEECHI,370,,,,,
1576,74,PERAMANGALAM,337,,,,,
1577,74,POTTORE,356,,,,,
1578,74,PULLAZHI,305,,,,,
1579,74,PULLU,330,,,,,
1580,74,PURANATTUKARA,362,,,,,
1581,74,PUTHUR,318,,,,,
1582,74,PUZHAKKAL,361,,,,,
1583,74,THANGALOOR,341,,,,,
1584,74,THANNIYAM,363,,,,,
1585,74,THOLUR,335,,,,,
1586,74,THRISSUR,350,,,,,
1587,74,VADAKKUMMURI,345,,,,,
1588,74,VALLACHIRA,323,,,,,
1589,74,VELAPPAYA,372,,,,,
1590,74,VELLANIKKARA,316,,,,,
1591,74,VELUTHUR,358,,,,,
1592,74,VENGINISSERY,365,,,,,
1593,74,VILVATTOM,328,,,,,
1594,74,VIYYUR,327,,,,,
1595,75,ANJUKUNNU,1,,,,,
1596,75,CHERUKATTOOR,16,,,,,
1597,75,EDAVAKA,2,,,,,
1598,75,KANJIRANGAD,17,,,,,
1599,75,MANANTHAVADY,13,,,,,
1600,75,NALLURNAD,4,,,,,
1601,75,PANAMARAM,15,,,,,
1602,75,PAYYAMPALLY,14,,,,,
1603,75,PERIA,5,,,,,
1604,75,PORUNNANORE,6,,,,,
1605,75,THAVINHAL,7,,,,,
1606,75,THIRUNELLY,8,,,,,
1607,75,THONDERNAD,9,,,,,
1608,75,THRISSILERY,12,,,,,
1609,75,VALAD,18,,,,,
1610,75,VELLAMUNDA,10,,,,,
1611,76,AMBALAVAYAL,19,,,,,
1612,76,CHEERAL,31,,,,,
1613,76,IRULAM,28,,,,,
1614,76,KIDANGANAD,20,,,,,
1615,76,KRISHNAGIRI,32,,,,,
1616,76,KUPPADI,33,,,,,
1617,76,NADAVAYAL,30,,,,,
1618,76,NENMENI,21,,,,,
1619,76,NOOLPUZHA,22,,,,,
1620,76,PADICHIRA,25,,,,,
1621,76,POOTHADI,23,,,,,
1622,76,PULPALLY,24,,,,,
1623,76,PURAKKADI,26,,,,,
1624,76,SULTHANBATHERY,27,,,,,
1625,76,THOMATTUCHAL,29,,,,,
1626,77,ACHOORANAM,34,,,,,
1627,77,CHUNDALE,50,,,,,
1628,77,KALPETTA,35,,,,,
1629,77,KANIYAMBETTA,36,,,,,
1630,77,KAVUMANDAM,49,,,,,
1631,77,KOTTAPPADI,37,,,,,
1632,77,KOTTATHARA,38,,,,,
1633,77,KUNNATHIDAVAKA,39,,,,,
1634,77,KUPPADITHARA,40,,,,,
1635,77,MUPPAINAD,41,,,,,
1636,77,MUTTIL NORTH,51,,,,,
1637,77,MUTTIL SOUTH,42,,,,,
1638,77,PADINJHARATHARA,43,,,,,
1639,77,POZHUTHANA,47,,,,,
1640,77,THARIODE,44,,,,,
1641,77,THRIKKAIPETTA,48,,,,,
1642,77,VELLARIMALA,46,,,,,
1643,77,VENGAPPALLY,45,,,,,
1644,27,THAYANNUR,29,,,,,
1645,24,THURUTHI,,,,,,
1646,74,PERINGAVU,349,,,,,
1647,68,KALLUR VADAKKUMURI,238,,,,,
1648,70,SN PURAM,105,,,,,
1649,62,CHIRAYINKEEZHU,,,,,,
1650,18,CHATHURANGAPARA,44,,,,,
1651,18,CHINNAKANAL,45,,,,,
1652,16,VAGAMON,22,,,,,
1653,14,VATTAVADA,9,,,,,
1654,14,KOTTAKAMBOOR,4,,,,,
1655,14,KDH,2,,,,,
1656,16,MLAMALA,17,,,,,
1657,16,PASUPARA,21,,,,,
1658,15,KANCHIYAR,,,,,,
1659,65,Marukil,108,,,,,
1660,66,Airanimuttam,2,,,,,
1661,66,Palkulangara,3,,,,,
1662,66,Aaramada,13,,,,,
1663,66,Randamada,14,,,,,
1664,32,Malur,99,,,,,
1665,32,Punthala,103,,,,,
1666,56,Koodal,311,,,,,
1667,56,Kalanjoor,3113,,,,,
1668,58,Malayalapuzha,3332,,,,,
1669,58,Thannithodu,3333,,,,,
1670,58,Konnithazham,3334,,,,,
1671,58,Airavan,3335,,,,,
1672,58,Konni,3336,,,,,
1673,58,Pramadam,3337,,,,,
1674,58,Vallikkode,3338,,,,,
1675,58,Aruvapulam,3343,,,,,
1676,58,Mylapra,3344,,,,,
1677,58,V. Kottayam,3345,,,,,
1678,60,Chittar Seethathodu,3450,,,,,
1679,57,Pramadam,370,,,,,
1680,57,Vallikkadu,371,,,,,
1681,57,V - Kottayam,372,,,,,
1682,57,Thumbaman,3612,,,,,
1683,3,Kothamangalam,11,,,,,
1684,36,Thanikadu,6,,,,,
1685,36,Pampady,19,,,,,
1686,14,Kuttanpuzha,5,,,,,
1687,7,Sreemoolanagaram,5,,,,,
1688,7,Kanjoor,16,,,,,
1689,11,Poothrikka,63,,,,,
1690,11,Moodakuzha,84,,,,,
1691,12,Aayavana,87,,,,,
1692,12,Payippra,94,,,,,
1693,12,Avoli,95,,,,,
1694,12,Pampakuda,96,,,,,
1695,10,Nellikkuzhi,52,,,,,
1696,10,Paingottur,53,,,,,
1697,8,Chottanikkara,41,,,,,
1698,8,Udayam Peroor,44,,,,,
1699,8,Thripunithura,47,,,,,
1700,8,Kalamassery,50,,,,,
1701,73,Anjoor,552,,,,,
1702,73,Aloor,553,,,,,
1703,73,Arthat,569,,,,,
1704,73,Chiramanengad,572,,,,,
1705,73,Chemmanthatta,574,,,,,
1706,68,K.T. Muri,237,,,,,
1707,39,Pannikottur,79,,,,,
1708,20,Kannur- 1,1,,,,,
1709,20,Kannur- 2,2,,,,,
1710,22,Maniyoor,133,,,,,
1711,23,Thalassery,201,,,,,
1712,23,Thiruvangad,202,,,,,
1713,23,Koodali,215,,,,,
1714,25,Mayir,133,,,,,
1715,26,Kodlamugar,119,,,,,